GROUP,PACKAGE,CLASS,INSTRUCTION_MISSED,INSTRUCTION_COVERED,BRANCH_MISSED,BRANCH_COVERED,LINE_MISSED,LINE_COVERED,COMPLEXITY_MISSED,COMPLEXITY_COVERED,METHOD_MISSED,METHOD_COVERED
Mesos,it.polimi.ingsw.am02.client.view.gui.components,GameCardView,201,0,12,0,52,0,13,0,7,0
Mesos,it.polimi.ingsw.am02.client.view.gui.components,PlayerSidebarItem,248,0,18,0,47,0,11,0,2,0
Mesos,it.polimi.ingsw.am02.client.view.gui.components,ReservePileView.Token,12,0,0,0,1,0,1,0,1,0
Mesos,it.polimi.ingsw.am02.client.view.gui.components,OfferTileView,111,0,2,0,27,0,4,0,3,0
Mesos,it.polimi.ingsw.am02.client.view.gui.components,ReservePileView,310,0,6,0,33,0,6,0,3,0
Mesos,it.polimi.ingsw.am02.client.view.gui.components,TurnOrderCaveView.CaveLayoutConfig,12,0,0,0,5,0,1,0,1,0
Mesos,it.polimi.ingsw.am02.client.view.gui.components,TurnOrderCaveView,195,0,12,0,46,0,10,0,3,0
Mesos,it.polimi.ingsw.am02.server.model.buildingeffects,ShamanicWinMultiplierEffect,0,54,0,4,0,16,0,5,0,3
Mesos,it.polimi.ingsw.am02.server.model.buildingeffects,EndGameFullSetPPEffect,0,78,0,8,0,21,0,7,0,3
Mesos,it.polimi.ingsw.am02.server.model.buildingeffects,EndGameCharacterPrestigeEffect,0,57,0,4,0,17,0,5,0,3
Mesos,it.polimi.ingsw.am02.server.model.buildingeffects,PrestigePointMultiplierPerTypeEffect,0,57,0,4,0,17,0,5,0,3
Mesos,it.polimi.ingsw.am02.server.model.buildingeffects,ShamanicImmunityEffect,0,30,0,4,0,11,0,6,0,4
Mesos,it.polimi.ingsw.am02.server.model.buildingeffects,FlatPrestigeBonusEffect,0,44,0,2,0,13,0,4,0,3
Mesos,it.polimi.ingsw.am02.server.model.buildingeffects,FullSetFoodRewardEffect,0,87,0,6,0,22,0,7,0,4
Mesos,it.polimi.ingsw.am02.server.model.buildingeffects,InventorPairRewardEffect,0,99,0,6,0,24,0,7,0,4
Mesos,it.polimi.ingsw.am02.server.model.buildingeffects,TurnOrderFoodBonusEffect,0,54,0,4,0,16,0,5,0,3
Mesos,it.polimi.ingsw.am02.server.model.buildingeffects,ShamanicExtraIconsEffect,0,77,0,4,0,20,0,6,0,4
Mesos,it.polimi.ingsw.am02.server.model.buildingeffects,EventCharacterBonusEffect,0,165,3,13,0,40,3,9,0,4
Mesos,it.polimi.ingsw.am02.server.model.buildingeffects,ExtraTurnEffect,0,38,0,2,0,13,0,4,0,3
Mesos,it.polimi.ingsw.am02.server.controller.persistence,CommandRecord,9,0,0,0,1,0,1,0,1,0
Mesos,it.polimi.ingsw.am02.server.controller.persistence,NoOpCommandLogger,4,3,0,0,4,1,4,1,4,1
Mesos,it.polimi.ingsw.am02.server.controller.persistence,GameInitRecord,15,0,0,0,1,0,1,0,1,0
Mesos,it.polimi.ingsw.am02.server.controller.persistence,CommandLogger,205,0,4,0,47,0,8,0,6,0
Mesos,it.polimi.ingsw.am02.server.controller.persistence,CommandLogReader,180,0,14,0,32,0,11,0,4,0
Mesos,it.polimi.ingsw.am02.server.controller.persistence,ConnectionStatus,0,27,0,0,0,2,0,1,0,1
Mesos,it.polimi.ingsw.am02.server.model.enumerations,EventType,0,27,0,0,0,2,0,1,0,1
Mesos,it.polimi.ingsw.am02.server.model.enumerations,InventionType,0,63,0,0,0,2,0,1,0,1
Mesos,it.polimi.ingsw.am02.server.model.enumerations,CharacterType,0,39,0,0,0,2,0,1,0,1
Mesos,it.polimi.ingsw.am02.common.serialization,JsonMessageCodecImpl,53,0,2,0,13,0,5,0,4,0
Mesos,it.polimi.ingsw.am02.client.view,AbstractClientView,43,0,0,0,38,0,37,0,37,0
Mesos,it.polimi.ingsw.am02.client.view,CardCatalog,1083,0,83,0,177,0,74,0,14,0
Mesos,it.polimi.ingsw.am02.common.messages.commands.heartbeat,PongCommand,8,0,0,0,2,0,2,0,2,0
Mesos,it.polimi.ingsw.am02.common.messages.commands.heartbeat,PingCommand,8,0,0,0,2,0,2,0,2,0
Mesos,it.polimi.ingsw.am02.client.network.rmi,RmiServerProxy,602,0,38,0,180,0,80,0,61,0
Mesos,it.polimi.ingsw.am02.client.network,ServerProxyFactory,21,0,2,0,3,0,2,0,1,0
Mesos,it.polimi.ingsw.am02.client.network,ClientNetworkDispatcher,425,0,62,0,132,0,67,0,36,0
Mesos,it.polimi.ingsw.am02.client.controller,ClientController,670,0,112,0,190,0,72,0,16,0
Mesos,it.polimi.ingsw.am02.common.interfaces,VirtualView,7,0,0,0,2,0,2,0,2,0
Mesos,it.polimi.ingsw.am02.common.interfaces,VirtualView.NoOp,30,0,0,0,30,0,30,0,30,0
Mesos,it.polimi.ingsw.am02.server.model.player,Player,0,39,0,0,0,14,0,8,0,8
Mesos,it.polimi.ingsw.am02.server.model.player,Tribu,30,388,8,18,6,90,7,35,1,28
Mesos,it.polimi.ingsw.am02.server.model.card,CharacterCard,0,35,0,0,0,12,0,6,0,6
Mesos,it.polimi.ingsw.am02.server.model.card,EventCard,0,78,2,4,0,21,2,8,0,7
Mesos,it.polimi.ingsw.am02.server.model.card,BuildingCard,0,39,0,0,0,14,0,7,0,7
Mesos,it.polimi.ingsw.am02.server.model.card,BuildingCardFactory,0,43,0,0,0,8,0,2,0,2
Mesos,it.polimi.ingsw.am02.server.model.card,EventFactory,0,131,0,0,0,30,0,7,0,7
Mesos,it.polimi.ingsw.am02.server.model.card,TribuDeck,2,175,5,17,1,38,5,12,0,4
Mesos,it.polimi.ingsw.am02.server.model.card,CharacterFactory,4,147,0,2,0,33,1,10,1,9
Mesos,it.polimi.ingsw.am02.server.model.card,BuildingDeck,6,153,1,24,1,25,1,17,0,4
Mesos,it.polimi.ingsw.am02.common.messages.events.heartbeat,PongEvent,8,0,0,0,2,0,2,0,2,0
Mesos,it.polimi.ingsw.am02.common.messages.events.heartbeat,PingEvent,8,0,0,0,2,0,2,0,2,0
Mesos,it.polimi.ingsw.am02.client.network.socket,SocketServerProxy,427,0,50,0,120,0,46,0,21,0
Mesos,it.polimi.ingsw.am02.common,ProjectInfo,28,0,0,0,7,0,1,0,1,0
Mesos,it.polimi.ingsw.am02.client.view.gui.scenes,GameScene,3847,0,234,0,537,0,224,0,107,0
Mesos,it.polimi.ingsw.am02.client.view.gui.scenes,NetworkPopup.ConnectionConfig,12,0,0,0,1,0,1,0,1,0
Mesos,it.polimi.ingsw.am02.client.view.gui.scenes,InGameMenuOverlay,422,0,20,0,86,0,24,0,14,0
Mesos,it.polimi.ingsw.am02.client.view.gui.scenes,GameScene.SceneState,232,0,30,0,25,0,18,0,3,0
Mesos,it.polimi.ingsw.am02.client.view.gui.scenes,IntroScene,141,0,6,0,35,0,7,0,4,0
Mesos,it.polimi.ingsw.am02.client.view.gui.scenes,NewEraOverlay.new AnimationTimer() {...},29,0,0,0,3,0,2,0,2,0
Mesos,it.polimi.ingsw.am02.client.view.gui.scenes,GameMenuScene,956,0,36,0,167,0,42,0,24,0
Mesos,it.polimi.ingsw.am02.client.view.gui.scenes,LobbyListScene,558,0,20,0,105,0,16,0,6,0
Mesos,it.polimi.ingsw.am02.client.view.gui.scenes,NewEraOverlay,859,0,19,0,105,0,16,0,6,0
Mesos,it.polimi.ingsw.am02.client.view.gui.scenes,LobbyScene,1337,0,68,0,275,0,53,0,19,0
Mesos,it.polimi.ingsw.am02.client.view.gui.scenes,SummaryCardOverlay,159,0,8,0,31,0,8,0,4,0
Mesos,it.polimi.ingsw.am02.client.view.gui.scenes,NewEraOverlay.FireParticle,111,0,8,0,12,0,6,0,2,0
Mesos,it.polimi.ingsw.am02.client.view.gui.scenes,GameScene.DealTask,9,0,0,0,1,0,1,0,1,0
Mesos,it.polimi.ingsw.am02.client.view.gui.scenes,ProjectInfoScene,286,0,6,0,55,0,6,0,3,0
Mesos,it.polimi.ingsw.am02.client.view.gui.scenes,NetworkPopup,385,0,4,0,74,0,9,0,7,0
Mesos,it.polimi.ingsw.am02.server.network,NetworkServerFactory,13,0,2,0,3,0,2,0,1,0
Mesos,it.polimi.ingsw.am02.common.dto,PlayerFinalScore,0,21,0,0,0,1,0,1,0,1
Mesos,it.polimi.ingsw.am02.common.dto,OfferTileInfo,0,18,0,0,0,1,0,1,0,1
Mesos,it.polimi.ingsw.am02.common.dto,TurnOrderSlotInfo,0,12,0,0,0,1,0,1,0,1
Mesos,it.polimi.ingsw.am02.common.dto,EffectOutcome,0,22,1,3,0,3,1,4,0,3
Mesos,it.polimi.ingsw.am02.common.dto,BoardSnapshot,0,24,0,0,0,1,0,1,0,1
Mesos,it.polimi.ingsw.am02.common.dto,LobbyInfo,0,15,0,0,0,1,0,1,0,1
Mesos,it.polimi.ingsw.am02.common.dto,ResourceDelta,0,15,0,0,0,1,0,1,0,1
Mesos,it.polimi.ingsw.am02.server.model.listeners,EventObserver,6,0,0,0,3,0,3,0,3,0
Mesos,it.polimi.ingsw.am02.server.model.listeners,GameNotifier,63,303,8,34,9,59,8,35,2,20
Mesos,it.polimi.ingsw.am02.server.network.socket,SocketClientHandler,531,0,16,0,124,0,47,0,39,0
Mesos,it.polimi.ingsw.am02.server.network.socket,SocketServer,77,0,6,0,22,0,6,0,3,0
Mesos,it.polimi.ingsw.am02.client.view.tui,TuiView,1816,0,132,0,436,0,164,0,96,0
Mesos,it.polimi.ingsw.am02.client.view.tui,TuiController,346,0,63,0,79,0,43,0,5,0
Mesos,it.polimi.ingsw.am02.common.messages.events.error,ErrorEvent,11,0,0,0,3,0,2,0,2,0
Mesos,it.polimi.ingsw.am02.server.model,Game.EventResolutionState,0,23,0,0,0,6,0,2,0,2
Mesos,it.polimi.ingsw.am02.server.model,Game.EndPlayerTurnState,0,64,0,2,0,12,0,3,0,2
Mesos,it.polimi.ingsw.am02.server.model,Game.NewRoundState,0,84,0,6,0,16,0,5,0,2
Mesos,it.polimi.ingsw.am02.server.model,Game.EndRoundState,0,98,0,4,0,16,0,4,0,2
Mesos,it.polimi.ingsw.am02.server.model,GameBoard,239,1153,36,98,47,259,30,78,5,36
Mesos,it.polimi.ingsw.am02.server.model,Game.ActionResolutionState,4,135,1,9,1,28,1,7,0,3
Mesos,it.polimi.ingsw.am02.server.model,Game.FinalEventsResolutionState,0,23,0,0,0,6,0,2,0,2
Mesos,it.polimi.ingsw.am02.server.model,Game,52,554,7,23,13,131,8,46,2,37
Mesos,it.polimi.ingsw.am02.server.model,Game.SetUpState,0,88,0,2,0,17,0,3,0,2
Mesos,it.polimi.ingsw.am02.server.model,Game.BaseState,0,31,0,0,0,9,0,5,0,5
Mesos,it.polimi.ingsw.am02.server.model,GameRegistry,21,341,2,20,11,81,2,29,0,20
Mesos,it.polimi.ingsw.am02.server.model,Game.FinalScoringState,0,46,0,2,0,11,0,3,0,2
Mesos,it.polimi.ingsw.am02.server.model,Game.TotemPlacementState,0,54,0,2,0,13,0,4,0,3
Mesos,it.polimi.ingsw.am02.server.model,Game.NewEraState,0,28,0,0,0,7,0,2,0,2
Mesos,it.polimi.ingsw.am02.server.network.rmi,RmiClientHandler,538,0,12,0,126,0,79,0,73,0
Mesos,it.polimi.ingsw.am02.server.network.rmi,RmiServer,73,0,2,0,23,0,5,0,4,0
Mesos,it.polimi.ingsw.am02.client.model,LobbyModel,0,111,0,4,0,26,0,17,0,15
Mesos,it.polimi.ingsw.am02.client.model,GameModel,23,1098,11,37,6,204,15,101,4,88
Mesos,it.polimi.ingsw.am02.server.model.exceptions,PlayerNotOnTileException,0,5,0,0,0,2,0,1,0,1
Mesos,it.polimi.ingsw.am02.server.model.exceptions,CardNotFoundException,0,5,0,0,0,2,0,1,0,1
Mesos,it.polimi.ingsw.am02.server.model.exceptions,GameRuleException,0,4,0,0,0,2,0,1,0,1
Mesos,it.polimi.ingsw.am02.server.model.exceptions,EventCardNotTakeableException,0,5,0,0,0,2,0,1,0,1
Mesos,it.polimi.ingsw.am02.server.model.exceptions,InsufficientFoodException,0,9,0,0,0,2,0,1,0,1
Mesos,it.polimi.ingsw.am02.server.model.exceptions,DuplicateCardSelectionException,5,0,0,0,2,0,1,0,1,0
Mesos,it.polimi.ingsw.am02.server.model.exceptions,InvalidMoveException,0,4,0,0,0,2,0,1,0,1
Mesos,it.polimi.ingsw.am02.server.model.exceptions,TileNotFoundException,0,5,0,0,0,2,0,1,0,1
Mesos,it.polimi.ingsw.am02.server.model.exceptions,NotYourTurnException,0,5,0,0,0,2,0,1,0,1
Mesos,it.polimi.ingsw.am02.server.model.exceptions,PickLimitExceededException,0,5,0,0,0,2,0,1,0,1
Mesos,it.polimi.ingsw.am02.server.model.exceptions,TileOccupiedException,0,5,0,0,0,2,0,1,0,1
Mesos,it.polimi.ingsw.am02.server.model.exceptions,PickObligationNotFulfilledException,0,4,0,0,0,2,0,1,0,1
Mesos,it.polimi.ingsw.am02.server.model.exceptions,PlayerNotFoundException,0,5,0,0,0,2,0,1,0,1
Mesos,it.polimi.ingsw.am02.server.model.tile,OfferTile,3,128,1,9,0,35,1,21,0,17
Mesos,it.polimi.ingsw.am02.server.model.tile,TurnOrderTilesFactory,0,49,0,0,0,7,0,4,0,4
Mesos,it.polimi.ingsw.am02.server.model.tile,TurnOrderTile.TurnOrderRewardResult,0,19,0,0,0,2,0,2,0,2
Mesos,it.polimi.ingsw.am02.server.model.tile,OfferTrack,0,143,0,18,0,32,0,15,0,6
Mesos,it.polimi.ingsw.am02.server.model.tile,TurnOrderTile,7,320,5,35,4,64,5,26,0,11
Mesos,it.polimi.ingsw.am02.server.model.tile,OfferTilesFactory,0,29,0,0,0,7,0,2,0,2
Mesos,it.polimi.ingsw.am02.client.view.gui,GuiView,426,0,58,0,124,0,67,0,38,0
Mesos,it.polimi.ingsw.am02.client.view.gui,SceneRouter,1105,0,12,0,216,0,57,0,51,0
Mesos,it.polimi.ingsw.am02.client.view.gui,GuiController,98,0,6,0,25,0,16,0,13,0
Mesos,it.polimi.ingsw.am02.client.view.gui,ImageLoader,41,0,2,0,10,0,7,0,6,0
Mesos,it.polimi.ingsw.am02,ClientLauncher,20,0,0,0,5,0,2,0,2,0
Mesos,it.polimi.ingsw.am02,ServerApp,160,0,6,0,50,0,7,0,4,0
Mesos,it.polimi.ingsw.am02,ClientApp,182,0,12,0,52,0,10,0,4,0
Mesos,it.polimi.ingsw.am02.common.enumerations,ResourceType,0,45,0,0,0,2,0,1,0,1
Mesos,it.polimi.ingsw.am02.common.enumerations,CardType,0,15,0,0,0,2,0,1,0,1
Mesos,it.polimi.ingsw.am02.common.enumerations,Totem,0,33,0,0,0,2,0,1,0,1
Mesos,it.polimi.ingsw.am02.common.enumerations,NetworkType,15,0,0,0,3,0,1,0,1,0
Mesos,it.polimi.ingsw.am02.common.enumerations,RowPosition,0,15,0,0,0,2,0,1,0,1
Mesos,it.polimi.ingsw.am02.common.enumerations,Era,0,21,0,0,0,2,0,1,0,1
Mesos,it.polimi.ingsw.am02.common.enumerations,PhaseType,0,63,0,0,0,2,0,1,0,1
Mesos,it.polimi.ingsw.am02.common.messages.events.lobby,LobbyDissolvedEvent,11,0,0,0,3,0,2,0,2,0
Mesos,it.polimi.ingsw.am02.common.messages.events.lobby,UpdatedLobbiesEvent,11,0,0,0,3,0,2,0,2,0
Mesos,it.polimi.ingsw.am02.common.messages.events.lobby,GameStartedEvent,11,0,0,0,3,0,2,0,2,0
Mesos,it.polimi.ingsw.am02.common.messages.events.lobby,UpdatedLobbyEvent,11,0,0,0,3,0,2,0,2,0
Mesos,it.polimi.ingsw.am02.common.messages.events.lobby,UsernameResultEvent,21,0,0,0,3,0,2,0,2,0
Mesos,it.polimi.ingsw.am02.server.model.effect,NoEffect,0,5,0,0,0,2,0,2,0,2
Mesos,it.polimi.ingsw.am02.server.model.effect,HuntEffect,0,79,0,4,0,18,0,4,0,2
Mesos,it.polimi.ingsw.am02.server.model.effect,BuildingFactory,3,152,0,15,1,34,1,14,1,1
Mesos,it.polimi.ingsw.am02.server.model.effect,InventorEffect,0,13,0,0,0,5,0,2,0,2
Mesos,it.polimi.ingsw.am02.server.model.effect,ShamanEffect,0,30,0,0,0,8,0,2,0,2
Mesos,it.polimi.ingsw.am02.server.model.effect,GathererEffect,0,30,0,0,0,8,0,2,0,2
Mesos,it.polimi.ingsw.am02.server.model.effect,SustenanceEffect,0,87,0,6,0,20,0,5,0,2
Mesos,it.polimi.ingsw.am02.server.model.effect,BuilderEffect,0,46,0,0,0,11,0,2,0,2
Mesos,it.polimi.ingsw.am02.server.model.effect,ShamanicRitualEffect,0,151,0,22,0,31,0,14,0,3
Mesos,it.polimi.ingsw.am02.server.model.effect,CavePaintingsEffect,0,84,0,4,0,19,0,4,0,2
Mesos,it.polimi.ingsw.am02.server.model.effect,HunterWithGigotEffect,2,33,1,1,1,9,1,2,0,2
Mesos,it.polimi.ingsw.am02.server.model.effect,RegistrationVisitor,0,25,0,0,0,10,0,4,0,4
Mesos,it.polimi.ingsw.am02.common.messages.commands,MoveTotemCommand,15,0,0,0,3,0,2,0,2,0
Mesos,it.polimi.ingsw.am02.common.messages.commands,SelectTotemCommand,12,0,0,0,3,0,2,0,2,0
Mesos,it.polimi.ingsw.am02.common.messages.commands,CreateLobbyCommand,12,0,0,0,3,0,2,0,2,0
Mesos,it.polimi.ingsw.am02.common.messages.commands,ResolveActionsCommand,15,0,0,0,3,0,2,0,2,0
Mesos,it.polimi.ingsw.am02.common.messages.commands,LeaveLobbyCommand,7,0,0,0,3,0,2,0,2,0
Mesos,it.polimi.ingsw.am02.common.messages.commands,SetUsernameCommand,12,0,0,0,3,0,2,0,2,0
Mesos,it.polimi.ingsw.am02.common.messages.commands,ReconnectCommand,23,0,0,0,4,0,3,0,3,0
Mesos,it.polimi.ingsw.am02.common.messages.commands,JoinLobbyCommand,12,0,0,0,3,0,2,0,2,0
Mesos,it.polimi.ingsw.am02.common.messages.events.game,GameEndedEvent,16,0,0,0,3,0,2,0,2,0
Mesos,it.polimi.ingsw.am02.common.messages.events.game,EraChangedEvent,26,0,0,0,3,0,2,0,2,0
Mesos,it.polimi.ingsw.am02.common.messages.events.game,PlayerDisconnectedEvent,11,0,0,0,3,0,2,0,2,0
Mesos,it.polimi.ingsw.am02.common.messages.events.game,GlobalTimerStartedEvent,11,0,0,0,3,0,2,0,2,0
Mesos,it.polimi.ingsw.am02.common.messages.events.game,GameAbortedEvent,11,0,0,0,3,0,2,0,2,0
Mesos,it.polimi.ingsw.am02.common.messages.events.game,GameSetupCompletedEvent,11,15,0,0,2,1,1,1,1,1
Mesos,it.polimi.ingsw.am02.common.messages.events.game,PhaseChangedEvent,9,12,0,0,2,1,1,1,1,1
Mesos,it.polimi.ingsw.am02.common.messages.events.game,TurnOrderEstablishedEvent,5,6,0,0,2,1,1,1,1,1
Mesos,it.polimi.ingsw.am02.common.messages.events.game,ExtraTurnStartedEvent,21,0,0,0,3,0,2,0,2,0
Mesos,it.polimi.ingsw.am02.common.messages.events.game,TotemReturnedEvent,7,9,0,0,2,1,1,1,1,1
Mesos,it.polimi.ingsw.am02.common.messages.events.game,PlayerLimitsInitializedEvent,9,12,0,0,2,1,1,1,1,1
Mesos,it.polimi.ingsw.am02.common.messages.events.game,CardTakenEvent,11,15,0,0,2,1,1,1,1,1
Mesos,it.polimi.ingsw.am02.common.messages.events.game,BoardUpdatedEvent,13,18,0,0,2,1,1,1,1,1
Mesos,it.polimi.ingsw.am02.common.messages.events.game,GlobalTimerCancelledEvent,6,0,0,0,3,0,2,0,2,0
Mesos,it.polimi.ingsw.am02.common.messages.events.game,AutoPlayerTimerStartedEvent,16,0,0,0,3,0,2,0,2,0
Mesos,it.polimi.ingsw.am02.common.messages.events.game,ExtraTurnEndedEvent,11,0,0,0,3,0,2,0,2,0
Mesos,it.polimi.ingsw.am02.common.messages.events.game,EventResolvedEvent,16,0,0,0,3,0,2,0,2,0
Mesos,it.polimi.ingsw.am02.common.messages.events.game,TotemPlacedEvent,7,9,0,0,2,1,1,1,1,1
Mesos,it.polimi.ingsw.am02.common.messages.events.game,GameRecoveryFailedEvent,6,0,0,0,3,0,2,0,2,0
Mesos,it.polimi.ingsw.am02.common.messages.events.game,PlayerResourceChangedEvent,11,15,0,0,2,1,1,1,1,1
Mesos,it.polimi.ingsw.am02.common.messages.events.game,AutoPlayerInvokedEvent,11,0,0,0,3,0,2,0,2,0
Mesos,it.polimi.ingsw.am02.common.messages.events.game,PlayerLimitsUpdatedEvent,9,12,0,0,2,1,1,1,1,1
Mesos,it.polimi.ingsw.am02.common.messages.events.game,CurrentPlayerChangedEvent,5,6,0,0,2,1,1,1,1,1
Mesos,it.polimi.ingsw.am02.common.messages.events.game,PlayerReconnectedEvent,11,0,0,0,3,0,2,0,2,0
Mesos,it.polimi.ingsw.am02.server.controller,ServerGameSnapshot,67,152,4,6,14,38,11,13,9,10
Mesos,it.polimi.ingsw.am02.server.controller,GameController,1248,372,153,9,296,78,139,31,60,29
Mesos,it.polimi.ingsw.am02.server.controller,Lobby,434,0,48,0,93,0,40,0,16,0
Mesos,it.polimi.ingsw.am02.server.controller,ControllerManager,1173,0,102,0,279,0,92,0,41,0
Mesos,it.polimi.ingsw.am02.server.controller,AutoPlayer,165,0,39,0,35,0,25,0,5,0
